strategy,exit,dev_n,dev_win,dev_avgR,dev_pf,dev_t,holdout_n,holdout_win,holdout_avgR,holdout_pf,holdout_t,$500@1%,maxDD@1%
orb_asia,eod,8410,0.27859690844233054,-0.14921827251180073,0.8091026187986843,-7.071022297674001,4343,0.25443241998618465,-0.19529302560734732,0.7683792540822819,-6.069193386574225,4.444524284865959e-12,0.9999999999999938
orb_asia,trail2,8410,0.3102259215219976,-0.14227999470810684,0.6120912438503081,-16.524666618971054,4343,0.2816025788625374,-0.19868129840342336,0.5599726877036925,-13.675270372526516,5.506239977608983e-08,0.9999999998918156
orb_asia,trail3,8410,0.3078478002378121,-0.16597373650505942,0.6556619260026864,-13.724468179097963,4343,0.28344462353212063,-0.22271753766494587,0.6055200681789594,-12.000487593641152,5.80376180585762e-10,0.9999999999989677
orb_asia,tp2r,8410,0.3442330558858502,-0.15046067326468632,0.7886364904007762,-10.257075219847744,4343,0.32742344001842044,-0.23147730791442236,0.6963077215915714,-11.339629724544,3.133951373211481e-10,0.9999999999995003
orb_london,eod,8425,0.29376854599406527,-0.1655040322136713,0.7848330345164262,-8.189853118720404,4329,0.2822822822822823,-0.1992851455230497,0.7523889565232027,-6.9355397804218,4.9601220921132805e-12,0.9999999999999942
orb_london,trail2,8425,0.2948367952522255,-0.16262827407802702,0.6020755772132836,-16.534721537197107,4329,0.2647262647262647,-0.20002736844914196,0.5546007192839093,-13.1043334368208,1.0077292528803293e-08,0.9999999999805184
orb_london,trail3,8425,0.290919881305638,-0.18011115761037255,0.6665882787576679,-13.028104430804936,4329,0.2691152691152691,-0.21334633800676286,0.6353773493499069,-10.181957605167568,1.536871900605978e-10,0.9999999999997287
orb_london,tp2r,8425,0.3646290801186944,-0.12067231102828295,0.8262714405018166,-8.221903689605286,4329,0.3448833448833449,-0.19732149780803201,0.7318540947685714,-9.680769504817222,3.38364523454781e-08,0.999999999953769
orb_us,eod,8197,0.37684518726363303,-0.09786774976028256,0.8169650133110531,-6.621361071459417,4165,0.38055222088835533,-0.09392136542657199,0.8204994643803694,-4.398421677152389,8.757999094273627e-06,0.9999999816814252
orb_us,trail2,8197,0.30608759302183725,-0.13162752076941878,0.6176374518351083,-15.433138620930448,4165,0.3114045618247299,-0.11027656749161491,0.6865803206170369,-8.343342646394168,1.5669349855183498e-05,0.9999999676994921
orb_us,trail3,8197,0.32365499573014517,-0.11437214203540061,0.7428385438309509,-9.428356019709785,4165,0.32004801920768305,-0.10155876573751513,0.7737099329328146,-5.2889032147861785,1.2861364083990977e-05,0.9999999745370557
orb_us,tp2r,8197,0.3918506770769794,-0.1141891986957816,0.7812062396402556,-9.545339984085645,4165,0.39663865546218485,-0.08220183202795706,0.8380980783725748,-4.832537259635194,2.9652210607524384e-05,0.9999999426616726
orb_asia_tf,eod,6312,0.29863751584283904,-0.0806973555030216,0.8921117599737913,-3.1733776111017336,3517,0.2831959056013648,-0.1292361184288214,0.8388340487735992,-3.507322361445207,6.531337709707595e-06,0.99999999175368
orb_asia_tf,trail2,6312,0.31305449936628643,-0.13150564591253622,0.6453287458439582,-12.734687310578465,3517,0.3011088996303668,-0.16577468191786013,0.6263034852821918,-9.963160381385004,7.547982619718016e-05,0.99999984740905
orb_asia_tf,trail3,6312,0.32224334600760457,-0.13113598069781,0.729229360671273,-8.543697586541835,3517,0.2965595678134774,-0.1886093663713762,0.6588849570910194,-9.03252587402795,9.401324638842893e-06,0.9999999819655685
orb_asia_tf,tp2r,6312,0.3578897338403042,-0.130222834579259,0.8101445509807342,-7.809024876809011,3517,0.3565538811487063,-0.16200888887148526,0.7756135354122574,-7.081430247112021,1.3527107689227342e-05,0.9999999757330854
orb_london_tf,eod,6089,0.3186073246838561,-0.07006143613119044,0.9033559249057777,-2.829152564934092,3426,0.2971395213076474,-0.1904586069875942,0.7519045145754792,-6.239006298830961,1.3956733668481519e-05,0.999999984602671
orb_london_tf,trail2,6089,0.3100673345376909,-0.13843124864923068,0.6633522788369071,-11.335077950311026,3426,0.28400467016929365,-0.18325865164263394,0.5865436270034448,-11.044046332701418,4.338936806671422e-05,0.9999999125109575
orb_london_tf,trail3,6089,0.3071111841024799,-0.1257718261112191,0.7658435659126935,-7.129959718126119,3426,0.28312901342673674,-0.20972695876894148,0.6369444197527354,-9.617038420069301,8.054040055955409e-06,0.999999986004804
orb_london_tf,tp2r,6089,0.3813434061422237,-0.0788395658325116,0.8805402925571562,-4.613689320982229,3426,0.35785172212492705,-0.1608892656864494,0.770539465817963,-7.099234065855275,0.0007823987504983303,0.9999988693130625
orb_us_tf,eod,5012,0.3940542697525938,-0.06239224672364962,0.8800173111682589,-3.3029811401325877,2681,0.3923908989183141,-0.09897822959755652,0.8006446871051744,-4.268512035052262,0.10476068323224917,0.9999163037511336
orb_us_tf,trail2,5012,0.31963288108539506,-0.1049769941891616,0.7026581131363079,-8.055512267545069,2681,0.3308466989929131,-0.09873753017919641,0.713708809558651,-6.2698499899081055,0.06006675992823933,0.9999081648573094
orb_us_tf,trail3,5012,0.337390263367917,-0.0943950771674845,0.7914554465380492,-5.697283806153029,2681,0.34875046624393885,-0.10031715248067331,0.7653612486977371,-5.156621631021812,0.04362168369163008,0.9999479294448558
orb_us_tf,tp2r,5012,0.40782122905027934,-0.09179537287063895,0.8196485372816692,-6.010240268172271,2681,0.41066766132040283,-0.04465888579723802,0.907320551662359,-2.121089545280481,0.19743365697596316,0.9998031501440429
donchian_tf,eod,13949,0.22051759982794467,-0.1462116838373225,0.839262130902799,-6.751623523192587,6937,0.21262793714862332,-0.2244865734400869,0.7641429792199503,-7.005334301128179,8.324506804189042e-26,1.0
donchian_tf,trail2,18374,0.2999346903232829,-0.20077257451220934,0.6682290284652695,-19.951197025857223,8918,0.28492935635792777,-0.2336208735653338,0.6369707910293702,-15.66320381295071,2.432883533097653e-28,1.0
donchian_tf,trail3,16056,0.2752864972595914,-0.2000520434047011,0.727217838372155,-14.089144308513431,7846,0.2663777721131787,-0.22893522591721405,0.702806150265479,-10.163724191146644,1.95394131282163e-27,1.0
donchian_tf,tp2r,18576,0.33936261843238585,-0.18023293016499828,0.7635060388349679,-17.59709681079095,9047,0.3319332375373052,-0.23182031004805326,0.7096539941291972,-15.714715061483421,3.1056246487766124e-26,1.0
vwap_tf,eod,19593,0.2004797631807278,-0.18809865143230928,0.8060167816122575,-9.64367019651459,10944,0.2046783625730994,-0.24193074007367718,0.7602128661661187,-8.970376949129871,7.728993852904345e-52,1.0
vwap_tf,trail2,29012,0.3043223493726734,-0.22713399187490504,0.6513817302680799,-26.967168140169175,16304,0.2831820412168793,-0.2808655544642527,0.5928957050346803,-24.758479869480613,1.4382367931438435e-61,1.0
vwap_tf,trail3,25598,0.2786936479412454,-0.2254253886830684,0.7059399906234775,-19.562011935952384,14215,0.26837847344354554,-0.27707509507875383,0.6553500443176253,-18.00016917936761,2.2652524867735403e-59,1.0
vwap_tf,tp2r,24296,0.3427724728350346,-0.2048505094802571,0.7415442216705972,-22.513354686861103,13486,0.34331899747886696,-0.24804142322094477,0.6989525715350607,-20.143533135703777,1.8799382351750016e-44,1.0
