session,trend_filter,dip_k_atr,stop_atr,dev_n,dev_win,dev_avg_bp,dev_pf,dev_t,holdout_n,holdout_win,holdout_avg_bp,holdout_pf,holdout_t
Asia 00-08,False,0.25,0.25,10562,0.4588146184434766,-7.765793481249169,0.8832834390497601,-5.042091619285078,4666,0.4528504072010287,-7.952232375306873,0.8569582909462771,-4.1084246841507515
Asia 00-08,False,0.25,0.5,8084,0.5209054923305294,-8.337935017456457,0.8866412539675943,-4.034763793329241,3575,0.5048951048951049,-8.188689979713786,0.864913339696096,-3.1437996915244693
Asia 00-08,False,0.25,1.0,7166,0.5404688808261233,-7.599053072656285,0.8959498534112419,-3.161012194137927,3231,0.5162488393686165,-6.702486145255751,0.8843318166479102,-2.438233678236023
Asia 00-08,False,0.25,none,6896,0.5384280742459396,-7.654631884078813,0.8890113829965103,-3.3968192988813954,3145,0.5182829888712241,-4.757107392154137,0.9104547380674411,-1.8841925236139723
Asia 00-08,False,0.5,0.25,3834,0.41705790297339596,-7.4640773830253115,0.904079428939057,-2.3493297628470944,1578,0.4404309252217998,0.9164955393867681,1.0154428488144716,0.22328472888073023
Asia 00-08,False,0.5,0.5,2776,0.5093659942363112,-3.545630283084956,0.9605886742805531,-0.7759024140265787,1198,0.506677796327212,6.5647338647107265,1.1033470528823284,1.200880365492468
Asia 00-08,False,0.5,1.0,2364,0.5359560067681896,-8.30120975584345,0.9142923690593902,-1.460891728971553,1045,0.5291866028708134,14.653966901023738,1.2664772808493494,2.5705542108932002
Asia 00-08,False,0.5,none,2184,0.5293040293040293,-4.789349175636565,0.9431900064479931,-0.9434659363521832,1005,0.5393034825870647,18.704788656082737,1.3875719178927983,3.4541736919203494
Asia 00-08,False,0.75,0.25,1739,0.41000575043128235,3.312090027408572,1.0399627412547834,0.6024406972755179,597,0.4623115577889447,22.832466472751538,1.3742206492268654,2.7591701001415307
Asia 00-08,False,0.75,0.5,1249,0.5068054443554844,3.598340053569998,1.034358145986442,0.44424449764590046,451,0.5809312638580931,41.25841108222751,1.6106107466805761,3.646462043110713
Asia 00-08,False,0.75,1.0,1040,0.5413461538461538,-5.734297342917358,0.9522270140481804,-0.535395353661172,371,0.6522911051212938,67.24478251527961,2.2129696490760735,5.086943100635955
Asia 00-08,False,0.75,none,910,0.5307692307692308,9.26452607742277,1.1039824729659509,1.052491559572934,347,0.6801152737752162,75.67122488773715,2.7317544408963683,6.0428463814129145
Asia 00-08,False,1.0,0.25,921,0.38219326818675353,0.5498436076927854,1.0060474118624996,0.06582294310634733,272,0.4338235294117647,45.03403518080401,1.7030904864972918,3.0790905935047803
Asia 00-08,False,1.0,0.5,654,0.4969418960244648,-2.0519156547125217,0.9832548110060662,-0.16043365184218192,197,0.5888324873096447,83.96698709404733,2.156891164451116,3.9239086163808743
Asia 00-08,False,1.0,1.0,517,0.5570599613152805,-13.487922252382017,0.9059036913622562,-0.7617665808165542,163,0.7177914110429447,135.01638302861215,3.106056301578928,5.137372556140115
Asia 00-08,False,1.0,none,430,0.5488372093023256,19.42541603636234,1.2195142166426998,1.4563345375588455,146,0.7671232876712328,151.2677810948311,4.251392124855447,5.935271274443534
Asia 00-08,True,0.25,0.25,4780,0.4686192468619247,-3.7529202512162114,0.9415653148436091,-1.6356346954490966,2231,0.46615867324069926,-6.570830581110789,0.8712401312668913,-2.5998721481528992
Asia 00-08,True,0.25,0.5,3703,0.5325411828247367,-2.538925163234772,0.9630105152756364,-0.8544963895889871,1707,0.50497949619215,-4.794470074522098,0.9118140578038826,-1.424475347916785
Asia 00-08,True,0.25,1.0,3320,0.547289156626506,-1.2820350049638978,0.9809728687717427,-0.38220602986426394,1575,0.5092063492063492,-3.6960229950438865,0.9300074258714122,-1.027144749548335
Asia 00-08,True,0.25,none,3223,0.5445237356500156,-0.541622112183765,0.9914658601178563,-0.17972573128004385,1543,0.5126377187297473,-2.1070134995860057,0.9575496491591666,-0.624897685097888
Asia 00-08,True,0.5,0.25,1611,0.4301675977653631,-0.8745553132092466,0.9882562286802656,-0.17487323535121707,695,0.46474820143884893,-1.6352728954519689,0.9677353156367214,-0.3206225880465802
Asia 00-08,True,0.5,0.5,1186,0.5160202360876898,6.0451077234731505,1.0730834937998202,0.872232541586606,542,0.5166051660516605,0.8240554889808038,1.015753426770542,0.12695281363055416
Asia 00-08,True,0.5,1.0,1031,0.5286129970902037,1.714525163226738,1.0194605062260065,0.20434926321481542,493,0.5354969574036511,3.7987431248905246,1.0748985001167393,0.5088168851820267
Asia 00-08,True,0.5,none,964,0.5176348547717843,7.881325904716356,1.105305911093651,1.1263658698200976,474,0.5485232067510548,9.336439978457635,1.2188113152688647,1.4409976324023375
Asia 00-08,True,0.75,0.25,681,0.4522760646108664,20.936691941169226,1.2856076798085438,2.3291936649259832,233,0.43776824034334766,2.133858730555006,1.0357527125904085,0.1968795764293339
Asia 00-08,True,0.75,0.5,504,0.5376984126984127,26.4997408084798,1.307932361569986,2.1164788148168947,172,0.563953488372093,15.694410471238083,1.2320572757715533,1.004333349528718
Asia 00-08,True,0.75,1.0,442,0.5497737556561086,15.956381571724178,1.1561852729039752,0.9929978564009837,145,0.6206896551724138,23.650303741545912,1.326791630206407,1.1330973142597878
Asia 00-08,True,0.75,none,396,0.5378787878787878,36.6909117330591,1.5370565444924122,3.131497115954427,133,0.6616541353383458,43.02946500339271,1.88410293413392,2.5566980473110976
Asia 00-08,True,1.0,0.25,318,0.4528301886792453,23.260111557704814,1.3008413709038906,1.5701760899416988,104,0.3557692307692308,2.532612925145835,1.0359637454173063,0.12378437382218636
Asia 00-08,True,1.0,0.5,248,0.5604838709677419,22.96210353731058,1.224141954189458,1.1028688892241825,72,0.4583333333333333,2.8829214319928327,1.0302672129624342,0.09409867593601065
Asia 00-08,True,1.0,1.0,211,0.5924170616113744,0.3775719070814665,1.0028000167866813,0.013232674925647798,59,0.5932203389830508,44.21554133509956,1.4218784516363043,0.9609161582033183
Asia 00-08,True,1.0,none,176,0.5852272727272727,54.66623573141544,1.9139122312447,3.1514089630063937,49,0.6530612244897959,77.38455235283962,2.298783465364473,2.0967163426826283
London 07-15,False,0.25,0.25,11734,0.451764104312255,-6.203973486649075,0.9057359594833516,-4.351154836226633,5340,0.4567415730337079,-9.006961721309583,0.8359332559057647,-5.380678871272477
London 07-15,False,0.25,0.5,9044,0.5267580716497126,-3.740222012450891,0.9467660468657609,-2.0059155432136886,4168,0.5091170825335892,-9.448669895427743,0.842383632104365,-4.241459738447782
London 07-15,False,0.25,1.0,8099,0.5437708359056673,-1.3351035618365688,0.9800607653476843,-0.656833756479352,3756,0.5223642172523961,-9.831994491430786,0.8356746418316757,-3.9575754026135126
London 07-15,False,0.25,none,7880,0.5453045685279188,-0.7003284541929922,0.9890749658360144,-0.35338592511942174,3658,0.5243302351011482,-9.127266480042143,0.8449025064856964,-3.5996240303605624
London 07-15,False,0.5,0.25,4154,0.41959557053442464,-0.27434072698375395,0.996157373545912,-0.0948252666463474,1829,0.4177145981410607,-11.322719000968139,0.8087631681739607,-3.593295395707573
London 07-15,False,0.5,0.5,3077,0.5108872278193045,8.835500878114827,1.115500515580684,2.276299038989643,1382,0.48263386396526775,-11.909785159769175,0.8223541590458479,-2.7910178734398583
London 07-15,False,0.5,1.0,2690,0.5397769516728624,12.084276076102281,1.1650118138636025,2.78271421249911,1195,0.49121338912133894,-14.622654800956887,0.7896911092446315,-2.9330077360530007
London 07-15,False,0.5,none,2561,0.5411948457633737,16.402838926489768,1.2444262272280031,3.8307463495287544,1151,0.49782797567332754,-13.403493417934992,0.8029894251839287,-2.591574626407454
London 07-15,False,0.75,0.25,1715,0.42332361516034983,13.611506033101575,1.1837253989338201,2.5873747639831035,749,0.38985313751668893,-5.951697865083982,0.9038949225615068,-1.0857433987826004
London 07-15,False,0.75,0.5,1278,0.5516431924882629,29.57412763653692,1.3606884512001534,4.11364218152793,554,0.4711191335740072,-9.467883627829055,0.8776519045605632,-1.1939941297806214
London 07-15,False,0.75,1.0,1078,0.6029684601113172,39.93056347217291,1.501988407302527,4.721816464484997,458,0.4847161572052402,-4.83846480633394,0.9368731523018379,-0.511222962805279
London 07-15,False,0.75,none,999,0.6136136136136137,48.27490925217468,1.6956007818460792,5.747077560680824,433,0.4896073903002309,-5.498005077994786,0.9274871390106304,-0.553213033648632
London 07-15,False,1.0,0.25,808,0.37376237623762376,12.029992525996652,1.1492236038740093,1.4869431584816062,359,0.35097493036211697,-9.923725791540742,0.8479504309882943,-1.199936946567702
London 07-15,False,1.0,0.5,574,0.5087108013937283,31.517105305662984,1.3294715602531393,2.675846879920539,258,0.3992248062015504,-13.409064368215526,0.8281126197437652,-1.1382605158179013
London 07-15,False,1.0,1.0,463,0.5809935205183585,55.91889507723726,1.5988054336070203,3.718429384544577,220,0.4409090909090909,-8.427417357379063,0.8960464439854723,-0.5727547577003291
London 07-15,False,1.0,none,418,0.5956937799043063,70.31038042483283,1.911287735219212,4.726520469771236,199,0.44221105527638194,-3.8686641137769415,0.9467573125943821,-0.2577975654746815
London 07-15,True,0.25,0.25,5687,0.44856690698083346,-6.560086246268306,0.905019378321546,-3.030404793271735,2636,0.4590288315629742,-9.548382216360222,0.8245631460057683,-4.105173734897757
London 07-15,True,0.25,0.5,4362,0.5279688216414489,-3.758988072427598,0.9491186013972677,-1.3247609039870265,2060,0.5116504854368932,-9.514304560168108,0.8387027253471221,-3.079727681497621
London 07-15,True,0.25,1.0,3900,0.546923076923077,-0.6422509770454952,0.9907063052349636,-0.20987982125166624,1857,0.5282714054927302,-9.473905065661063,0.8397721536291177,-2.683792025028606
London 07-15,True,0.25,none,3789,0.5457904460279758,0.43665719311524304,1.0066919815815645,0.1510504585156211,1810,0.5342541436464089,-8.859791347434681,0.8484657750324857,-2.4284249392154282
London 07-15,True,0.5,0.25,2021,0.4195942602671945,0.34795288088290205,1.0046149153896697,0.07776810104463089,891,0.41301907968574636,-13.458555744253955,0.7702994902390954,-3.0967381450189424
London 07-15,True,0.5,0.5,1500,0.5113333333333333,10.730828381180343,1.134794586305566,1.82606387923692,673,0.48439821693907875,-12.602131512603583,0.8093263249593149,-2.0709572472679767
London 07-15,True,0.5,1.0,1314,0.5395738203957382,14.535739331539324,1.1965929665411155,2.2495236725002603,585,0.49572649572649574,-15.213151769555742,0.7836584963554664,-2.04709390523275
London 07-15,True,0.5,none,1251,0.5379696243005595,20.418998584756682,1.3124095381808667,3.3553272716106175,563,0.5062166962699822,-13.659707770511682,0.8002792146127091,-1.771678159008138
London 07-15,True,0.75,0.25,826,0.4467312348668281,27.006752473688724,1.3487189881023038,3.165305055239544,360,0.3861111111111111,-6.477084391981932,0.894388581845218,-0.8260690864819299
London 07-15,True,0.75,0.5,622,0.5803858520900321,45.15150997550468,1.5303788289874025,3.983832071154932,267,0.449438202247191,-13.069344583332033,0.8307494080995728,-1.149796033636787
London 07-15,True,0.75,1.0,517,0.6305609284332688,65.25834944747851,1.8611693279694195,4.999513654645537,221,0.4841628959276018,-7.084602061001236,0.9115594232571506,-0.49954545684397583
London 07-15,True,0.75,none,482,0.6327800829875518,74.55885198386497,2.174172149056366,5.952908720429497,210,0.49523809523809526,-8.48669379911573,0.8935064608345615,-0.5692129912340173
London 07-15,True,1.0,0.25,384,0.4140625,28.194386976115442,1.328490043595164,2.111160999620275,168,0.3333333333333333,-20.812931799912537,0.6971911052984361,-1.8026882219846936
London 07-15,True,1.0,0.5,276,0.5579710144927537,54.85469366023061,1.5482486897725405,2.9041771469016817,122,0.36885245901639346,-29.10067477962008,0.6722887234717901,-1.6858370138316197
London 07-15,True,1.0,1.0,227,0.6475770925110133,94.53357097341095,2.0293037543860155,3.9948199384330305,101,0.39603960396039606,-23.704256142698128,0.7357348158617126,-1.097649909078728
London 07-15,True,1.0,none,202,0.6534653465346535,117.23144619615142,2.822131472300164,5.357767657199523,93,0.41935483870967744,-24.052442757033134,0.7221224826518416,-1.0650845237311375
New York 13-21,False,0.25,0.25,14743,0.4574374279318999,-10.887811156575198,0.8490572736421432,-8.307387278878464,7203,0.44884076079411356,-16.81530089713073,0.7415797211003022,-10.668989942365402
New York 13-21,False,0.25,0.5,10790,0.5469879518072289,-10.395480690151839,0.8701706571250645,-5.6380891184071995,5258,0.5173069608216052,-21.04623447959814,0.7203941367133039,-9.211313589850583
New York 13-21,False,0.25,1.0,9319,0.5742032406910613,-9.764581871327968,0.8782243494110048,-4.420926293183724,4510,0.5356984478935698,-22.110042963829848,0.7118019896710753,-8.010958821217313
New York 13-21,False,0.25,none,8866,0.5801939995488382,-8.589080726126545,0.888936387985937,-3.6058980662975286,4322,0.5400277649236465,-21.744075495243585,0.7125459505138899,-7.537308455049892
New York 13-21,False,0.5,0.25,6050,0.4183471074380165,-8.716802423474375,0.8894279241048062,-3.6885208360193027,2953,0.4148323738570945,-20.372711161719348,0.7141761476542061,-7.488809769000586
New York 13-21,False,0.5,0.5,4342,0.5059880239520959,-7.353507280109154,0.9220058476192281,-2.0996162799628215,2112,0.484375,-25.676873928579628,0.700259728612399,-6.316030704634683
New York 13-21,False,0.5,1.0,3608,0.5482261640798226,-7.312415792287402,0.9262967169219715,-1.641949146610933,1735,0.514121037463977,-26.928067710215,0.6960287756129707,-5.314068602493701
New York 13-21,False,0.5,none,3325,0.5584962406015037,-4.437485768827567,0.9531231998874091,-0.8985442238103287,1640,0.5164634146341464,-26.65640248011394,0.6923898781650188,-4.989464865797917
New York 13-21,False,0.75,0.25,2878,0.3797776233495483,-11.857045800492884,0.8586415752885133,-3.2302295442301805,1355,0.381549815498155,-21.290392605440577,0.7126595364557995,-5.0506439157612
New York 13-21,False,0.75,0.5,2041,0.4899559039686428,-12.576966082551158,0.8816750996929701,-2.231740417299104,936,0.47435897435897434,-25.997734777553163,0.7122634970542986,-4.070421275988486
New York 13-21,False,0.75,1.0,1652,0.5387409200968523,-15.211435693704134,0.8726293631332014,-1.9966265479042988,763,0.509829619921363,-31.5784787400798,0.6780294541721112,-3.838284445244165
New York 13-21,False,0.75,none,1462,0.5506155950752394,-11.976822624662754,0.8930132582426319,-1.388135544218869,705,0.5120567375886524,-31.147574303897482,0.674674972875008,-3.5381612153209168
New York 13-21,False,1.0,0.25,1557,0.36095054592164416,-7.188034678967768,0.9182122630463222,-1.2977051372878996,659,0.36722306525037934,-14.619135961256998,0.7989135538369396,-2.2960861201006586
New York 13-21,False,1.0,0.5,1111,0.46534653465346537,-8.106417028072654,0.9309492366595683,-0.9421849723443728,468,0.46794871794871795,-21.58631884140673,0.7728536325481881,-2.2255469363296054
New York 13-21,False,1.0,1.0,883,0.5243488108720272,-12.271103612109952,0.9107288988364722,-1.0341778266296227,384,0.5078125,-29.87544880916708,0.721976287517845,-2.324235580063303
New York 13-21,False,1.0,none,752,0.5398936170212766,-4.311369599039164,0.9656506722839773,-0.3146938281304088,344,0.5116279069767442,-27.083731488710878,0.7276563233970504,-2.0129806759944993
New York 13-21,True,0.25,0.25,7101,0.45951274468384734,-11.492866210499418,0.8433473671861129,-6.046714610263439,3557,0.4543154343547934,-13.378243409604622,0.785507494917665,-6.105869871641113
New York 13-21,True,0.25,0.5,5173,0.549777691861589,-11.21001978008948,0.8615394794762979,-4.219625198547667,2601,0.5359477124183006,-14.827423779527969,0.7870024824206849,-4.764069242677456
New York 13-21,True,0.25,1.0,4468,0.5756490599820949,-9.772689578651793,0.878048533186871,-3.0478289622167196,2256,0.5598404255319149,-14.824227831495952,0.793212587088504,-3.8753717988781524
New York 13-21,True,0.25,none,4261,0.5822576859892045,-7.72752999032287,0.9005847900149886,-2.1374888192997186,2172,0.5649171270718232,-14.988782267082803,0.7902572505459818,-3.683782268672665
New York 13-21,True,0.5,0.25,2883,0.42767950052029136,-7.186101272740232,0.9093664834418421,-2.0791254010603524,1395,0.4078853046594982,-18.593126081622685,0.7317587741943024,-4.804713060455756
New York 13-21,True,0.5,0.5,2088,0.5148467432950191,-5.022697013053202,0.9464170923919089,-0.9860469833443108,993,0.4823766364551863,-23.830705854728105,0.7163352755251513,-4.085304257325496
New York 13-21,True,0.5,1.0,1752,0.5559360730593608,-1.5485482275771147,0.9838044383902204,-0.2405720969808633,820,0.5085365853658537,-22.9345671603574,0.735577942459584,-3.130808487759263
New York 13-21,True,0.5,none,1623,0.5668515095502157,1.8530706043855774,1.0197460609472089,0.24289045247545632,781,0.5121638924455826,-25.231442240119183,0.7134752167460152,-3.1460066180275006
New York 13-21,True,0.75,0.25,1309,0.39266615737203975,-15.580940028422996,0.8201215363249202,-2.9061237770239763,623,0.36436597110754415,-29.943418496892956,0.5973066980310334,-5.250143121244299
New York 13-21,True,0.75,0.5,937,0.503735325506937,-16.832081447766594,0.8454125566581869,-2.033155599726001,428,0.4485981308411215,-36.802505559874064,0.5962621447317152,-4.101236508852964
New York 13-21,True,0.75,1.0,767,0.5475880052151239,-21.255172386859652,0.8285629546639609,-1.8618105037047024,345,0.4753623188405797,-44.44777603387303,0.5568844031739719,-3.79665792110913
New York 13-21,True,0.75,none,679,0.5640648011782032,-15.41682252584342,0.8711477095371345,-1.0845410794996337,322,0.4782608695652174,-52.04922731294811,0.49871337162262763,-3.984567702614397
New York 13-21,True,1.0,0.25,691,0.3704775687409551,-10.555965454909517,0.8854909472975271,-1.2735686246827047,299,0.34782608695652173,-24.92813848150685,0.6668092587367729,-2.814313145461955
New York 13-21,True,1.0,0.5,501,0.4750499001996008,-10.81610491840425,0.9098567872785011,-0.8500478260542685,206,0.441747572815534,-35.90032711738744,0.6381112645281297,-2.5620833415323583
New York 13-21,True,1.0,1.0,405,0.528395061728395,-18.634499824464584,0.8722732738268797,-1.0257566250507704,168,0.47023809523809523,-51.64841648451847,0.5594376564330779,-2.6897761073245428
New York 13-21,True,1.0,none,343,0.5451895043731778,-10.391811652485764,0.9274227447382558,-0.43928565791693125,152,0.48026315789473684,-60.14691458571751,0.48311693873297956,-2.9469649924160484
Full day 00-24,False,0.25,0.25,29862,0.4168173598553345,-9.756966824503248,0.8853581456055537,-8.504043048233118,14144,0.4302177601809955,-9.963480270898295,0.8649345071554234,-6.984302348852467
Full day 00-24,False,0.25,0.5,20419,0.5494392477594398,-9.975621517196895,0.902283755482125,-5.859829910704407,9709,0.5512411164898547,-10.642516690876965,0.8778906229678205,-4.919262868899795
Full day 00-24,False,0.25,1.0,16255,0.6185173792679176,-9.159629365906918,0.9127363505343904,-4.242421446039492,7762,0.6021643906209739,-10.17035980045606,0.8855852324148275,-3.741120934609294
Full day 00-24,False,0.25,none,14754,0.6382675884505896,-8.506962871922171,0.9135646333480381,-3.743620497223352,7091,0.618812579325906,-12.27043189372836,0.8587718282366468,-4.2501547717666295
Full day 00-24,False,0.5,0.25,15450,0.35190938511326864,-9.036854290037569,0.9025328582950954,-4.856905951861651,7169,0.38038778072255547,-9.53069527256726,0.8788220160422228,-4.130884932411946
Full day 00-24,False,0.5,0.5,10101,0.4667854667854668,-6.823325548253171,0.9425200388401526,-2.345769048861323,4779,0.48901443816698054,-10.09720047524994,0.8971676577756682,-2.7855193514035763
Full day 00-24,False,0.5,1.0,7735,0.5281189398836458,-7.405607955213682,0.9431407596578163,-1.928593835657225,3692,0.5390032502708559,-8.480361244611242,0.9189095215214866,-1.776731094605698
Full day 00-24,False,0.5,none,6744,0.5444839857651246,-4.282811177548334,0.9646902202293975,-1.0388200665157887,3255,0.5591397849462365,-13.4170638059024,0.8716428239573393,-2.600369689783625
Full day 00-24,False,0.75,0.25,8828,0.341413683733575,-3.2976417548300265,0.9645802024149209,-1.2164567510488633,3973,0.3614397180971558,-6.797604846737958,0.9145165237795027,-1.9760029328081266
Full day 00-24,False,0.75,0.5,5776,0.4605263157894737,-1.5274312382762776,0.9876555463816922,-0.36106102762136066,2638,0.4689158453373768,-6.6209348606861145,0.9353964524137254,-1.1962846862530907
Full day 00-24,False,0.75,1.0,4364,0.5247479376718607,-0.12244265661478798,0.9991271521303855,-0.021217506122560945,2020,0.5227722772277228,-5.417350679173008,0.9528788431453136,-0.7127822384738268
Full day 00-24,False,0.75,none,3709,0.5459692639525479,6.5354999109100955,1.0518522057884434,1.059856709909026,1701,0.5479129923574368,-14.715803456832173,0.8737835617214319,-1.7996390007417329
Full day 00-24,False,1.0,0.25,5289,0.3216108905275099,-0.7279267506691034,0.9923512081907533,-0.19147166148010658,2327,0.33863343360550063,-7.478907722188427,0.9081568213306059,-1.518162015310705
Full day 00-24,False,1.0,0.5,3455,0.43878437047756874,2.98244106982146,1.0228565201787057,0.4953973122996674,1546,0.444372574385511,-9.761667132279818,0.9123267352207868,-1.1984173117992412
Full day 00-24,False,1.0,1.0,2575,0.5145631067961165,5.174699814310048,1.033892237726508,0.6180797490412056,1151,0.5125977410947002,-7.8100637317430595,0.9416091573852415,-0.6616203194905852
Full day 00-24,False,1.0,none,2112,0.540719696969697,19.94411648361049,1.1525909330605322,2.201019345331094,920,0.5445652173913044,-26.34122545949003,0.8052836198366091,-2.1112698233113663
Full day 00-24,True,0.25,0.25,13741,0.43060912597336437,-7.753412490753251,0.9091466563016237,-4.5296465448335175,6829,0.43696002342949186,-8.532619957022058,0.8799668834147791,-4.221487245317303
Full day 00-24,True,0.25,0.5,9485,0.5628887717448603,-7.2730729805596965,0.9277284443272587,-2.9113413275282864,4697,0.5654673195656802,-7.663116658410003,0.9085283229656573,-2.4496750144267936
Full day 00-24,True,0.25,1.0,7608,0.6299947423764458,-5.894880462071043,0.9422236154739198,-1.886765681677662,3769,0.6213849827540462,-6.26971023224818,0.9280779244590741,-1.5407068380620177
Full day 00-24,True,0.25,none,6972,0.6442914515203672,-3.634972771539521,0.9617333338326343,-1.12035671708881,3440,0.6380813953488372,-10.829992480189741,0.875266631520165,-2.5090656887846454
Full day 00-24,True,0.5,0.25,6910,0.36989869753979737,-5.156238459080057,0.9446488132870089,-1.8131842446288562,3408,0.37646713615023475,-11.240115806498457,0.8540258661206944,-3.3864678131450208
Full day 00-24,True,0.5,0.5,4579,0.48460362524568684,-2.3726718465255296,0.9799337957704946,-0.541597896391228,2268,0.48236331569664903,-13.100819661128753,0.8667039383704139,-2.418824391605276
Full day 00-24,True,0.5,1.0,3539,0.5425261373269286,-0.22178359072330683,0.9982474802963369,-0.03908971972647783,1745,0.5260744985673352,-13.231156222670407,0.8785585146890907,-1.790457936296612
Full day 00-24,True,0.5,none,3137,0.5521198597386038,5.489292565239071,1.0472645389491073,0.9155243935562563,1535,0.5465798045602606,-23.07891241950315,0.7918673515055717,-2.9240834041610597
Full day 00-24,True,0.75,0.25,3843,0.36143637782982047,-0.09168008712861017,0.9990179290409228,-0.021924627992504688,1922,0.3558792924037461,-12.781859813513623,0.83789959920789,-2.614390802761492
Full day 00-24,True,0.75,0.5,2555,0.4755381604696673,2.5753444550492968,1.0212278391856138,0.40292306825925644,1261,0.4662965900079302,-12.783859656533444,0.875392892675495,-1.540692037528676
Full day 00-24,True,0.75,1.0,1969,0.5347892331132554,6.824768227654249,1.050719928942652,0.7957462618698081,963,0.4994807892004154,-16.361642355807124,0.8618089543553725,-1.4215143583579173
Full day 00-24,True,0.75,none,1710,0.5432748538011696,16.667812868485672,1.143048689658755,1.8564394174228986,813,0.5227552275522755,-36.00727527937077,0.7089029286018368,-2.9689271238782586
Full day 00-24,True,1.0,0.25,2202,0.34877384196185285,3.7697538085882423,1.039887917983648,0.6300376245881298,1117,0.341987466427932,-9.696692794358766,0.8790858623613689,-1.3292621216607141
Full day 00-24,True,1.0,0.5,1459,0.46675805346127486,9.758545879650223,1.0772097760151176,1.0457115838410052,741,0.4318488529014845,-15.439980632054064,0.8596479243002575,-1.2451556927922585
Full day 00-24,True,1.0,1.0,1125,0.5413333333333333,13.037674289190758,1.089444266497411,1.0243985957371904,553,0.49547920433996384,-15.441734616058122,0.8836184822170712,-0.8561310741218983
Full day 00-24,True,1.0,none,949,0.553213909378293,32.88415631547509,1.2834043544446754,2.4513608413162613,443,0.5237020316027088,-53.06002081887193,0.626783829813703,-2.8712422262370696
